<?xml version="1.0" encoding="UTF-8"?>
<metadata xml:lang="pt"><Esri><CreaDate>20190730</CreaDate><CreaTime>15064700</CreaTime><ArcGISFormat>1.0</ArcGISFormat><SyncOnce>TRUE</SyncOnce><DataProperties><itemProps><itemLocation><linkage Sync="TRUE">file://\\svdf0144\grupos\Gp-A-DCOL-bsa\Atualizacao_UC\uc_fed_janeiro_2019</linkage><protocol Sync="TRUE">Local Area Network</protocol></itemLocation></itemProps><copyHistory><copy source="I:\Gp-A-DCOL-bsa\Atualizacao_UC\2019_jan_atualiz_cuniã_crs_iquê\mapa_oficial_uc_jan_2019\uc_fed_jan_2019\uc_fed_janeiro_2019" dest="\\svdf0144\grupos\Gp-A-DCOL-bsa\Atualizacao_UC\uc_fed_janeiro_2019" date="20190121" time="11112200"></copy></copyHistory></DataProperties></Esri></metadata>
